"Comment","FirstName","LastName","Email","Login","Password","Salt","Groups","MustExist"
"","Gavin","Vance","gavin.vance@mailinator.com","gvance","","","","N"
"","Adam","Butler","adam.butler@mailinator.com","abutler","","","","N"
"","Warren","Cornish","warren.cornish@mailinator.com","wcornish","","","","N"
"","Gabrielle","Knox","gabrielle.knox@mailinator.com","gknox","","","","N"
"","Gordon","Roberts","gordon.roberts@mailinator.com","groberts","","","","N"
"","James","Newman","james.newman@mailinator.com","","","","","N"
"","Alison","Hart","seekatar@gmail.com","","","","","N"
"","Kylie","Lambert","kylie.lambert@mailinator.com","","","","","N"
"","Harry","Hill","harry.hill@mailinator.com","","","","","N"
"","Angela","Terry","angela.terry@mailinator.com","","","","","N"
"","Benjamin","Langdon","benjamin.langdon@mailinator.com","","","","","N"
"","Andrew","Hill","andrew.hill@mailinator.com","","","","","N"
"","Kylie","Smith","kylie.smith@mailinator.com","","","","","N"
"","Natalie","Reid","natalie.reid@mailinator.com","","","","","N"
"","Abigail","Parsons","abigail.parsons@mailinator.com","","","","","N"
"","Liam","Thomson","liam.thomson@mailinator.com","","","","","N"
"","Christopher","Poole","christopher.poole@mailinator.com","","","","","N"
"","Dorothy","Johnston","dorothy.johnston@mailinator.com","","","","","N"
"","Sally","Peake","sally.peake@mailinator.com","","","","","N"
